{"$schema":"http://schema.management.azure.com/schemas/2015-01-01/deploymentTemplate.json#","contentVersion":"1.0.0.0","parameters":{"workspaceName":{"type":"string","metadata":"ワークスペース名","defaultValue":"sycicd-01-syn-dev"},"nyc_tlc_green":{"type":"string"},"sycicd-01-syn-dev-WorkspaceDefaultStorage":{"type":"string"}},"variables":{"workspaceId":"[concat('Microsoft.Synapse/workspaces/', parameters('workspaceName'))]"},"resources":[{"name":"[concat(parameters('workspaceName'), '/nyc_load')]","type":"Microsoft.Synapse/workspaces/pipelines","apiVersion":"2019-06-01-preview","properties":{"activities":[{"name":"landing","type":"Copy","dependsOn":[],"policy":{"timeout":"7.00:00:00","retry":0,"retryIntervalInSeconds":30,"secureOutput":false,"secureInput":false},"userProperties":[],"typeProperties":{"source":{"type":"BinarySource","storeSettings":{"type":"AzureBlobStorageReadSettings","recursive":true},"formatSettings":{"type":"BinaryReadSettings"}},"sink":{"type":"BinarySink","storeSettings":{"type":"AzureBlobFSWriteSettings"}},"enableStaging":false},"inputs":[{"referenceName":"opendata_bin_nyctlc_green1","type":"DatasetReference","parameters":{}}],"outputs":[{"referenceName":"primary_bin_nyctlc_green1","type":"DatasetReference","parameters":{"dir":{"value":"landing/general/nyctlc/green/v1/full/run_timestamp=@{pipeline().parameters.run_timestamp}","type":"Expression"},"container":"landing"}}]},{"name":"nyc_ingest_raw","type":"ExecuteDataFlow","dependsOn":[{"activity":"landing","dependencyConditions":["Succeeded"]}],"policy":{"timeout":"1.00:00:00","retry":0,"retryIntervalInSeconds":30,"secureOutput":false,"secureInput":false},"userProperties":[],"typeProperties":{"dataflow":{"referenceName":"nyc_ingest_raw1","type":"DataFlowReference","parameters":{"run_timestamp":{"value":"'@{pipeline().parameters.run_timestamp}'","type":"Expression"}},"datasetParameters":{"source1":{},"sink1":{}}},"staging":{},"compute":{"coreCount":8,"computeType":"General"},"traceLevel":"Fine"}}],"policy":{"elapsedTimeMetric":{},"cancelAfter":{}},"parameters":{"run_timestamp":{"type":"string","defaultValue":"2022-05-11-052220"}},"annotations":[],"lastPublishTime":"2022-05-19T11:27:36Z"},"dependsOn":["[concat(variables('workspaceId'), '/datasets/opendata_bin_nyctlc_green1')]","[concat(variables('workspaceId'), '/datasets/primary_bin_nyctlc_green1')]","[concat(variables('workspaceId'), '/dataflows/nyc_ingest_raw1')]"]},{"name":"[concat(parameters('workspaceName'), '/opendata_bin_nyctlc_green1')]","type":"Microsoft.Synapse/workspaces/datasets","apiVersion":"2019-06-01-preview","properties":{"linkedServiceName":{"referenceName":"[parameters('nyc_tlc_green')]","type":"LinkedServiceReference"},"annotations":[],"type":"Binary","typeProperties":{"location":{"type":"AzureBlobStorageLocation","folderPath":"green","container":"nyctlc"}}},"dependsOn":[]},{"name":"[concat(parameters('workspaceName'), '/primary_bin_nyctlc_green1')]","type":"Microsoft.Synapse/workspaces/datasets","apiVersion":"2019-06-01-preview","properties":{"linkedServiceName":{"referenceName":"[parameters('sycicd-01-syn-dev-WorkspaceDefaultStorage')]","type":"LinkedServiceReference"},"parameters":{"dir":{"type":"string"},"container":{"type":"string"}},"annotations":[],"type":"Binary","typeProperties":{"location":{"type":"AzureBlobFSLocation","folderPath":{"value":"@dataset().dir","type":"Expression"},"fileSystem":{"value":"@dataset().container","type":"Expression"}}}},"dependsOn":[]},{"name":"[concat(parameters('workspaceName'), '/nyc_ingest_raw1')]","type":"Microsoft.Synapse/workspaces/dataflows","apiVersion":"2019-06-01-preview","properties":{"type":"MappingDataFlow","typeProperties":{"sources":[{"dataset":{"referenceName":"primary_pq_nyc_tlc_green1","type":"DatasetReference"},"name":"source1"}],"sinks":[{"linkedService":{"referenceName":"[parameters('sycicd-01-syn-dev-WorkspaceDefaultStorage')]","type":"LinkedServiceReference"},"name":"sink1"}],"transformations":[{"name":"filter1"}],"scriptLines":["parameters{","     run_timestamp as string","}","source(output(","          vendorID as integer,","          lpepPickupDatetime as timestamp,","          lpepDropoffDatetime as timestamp,","          passengerCount as integer,","          tripDistance as double,","          puLocationId as string,","          doLocationId as string,","          pickupLongitude as double,","          pickupLatitude as double,","          dropoffLongitude as double,","          dropoffLatitude as double,","          rateCodeID as integer,","          storeAndFwdFlag as string,","          paymentType as integer,","          fareAmount as double,","          extra as double,","          mtaTax as double,","          improvementSurcharge as string,","          tipAmount as double,","          tollsAmount as double,","          ehailFee as double,","          totalAmount as double,","          tripType as integer,","          run_timestamp as string,","          puYear as integer,","          puMonth as integer","     ),","     allowSchemaDrift: true,","     validateSchema: false,","     ignoreNoFilesFound: false,","     partitionRootPath: 'landing/general/nyctlc/green/v1/full',","     format: 'parquet') ~> source1","source1 filter(run_timestamp==$run_timestamp) ~> filter1","filter1 sink(allowSchemaDrift: true,","     validateSchema: false,","     format: 'delta',","     fileSystem: 'raw',","     folderPath: 'raw/general/nyctlc/green/v1/full/input',","     mergeSchema: false,","     autoCompact: false,","     optimizedWrite: false,","     vacuum: 0,","     deletable:false,","     insertable:true,","     updateable:false,","     upsertable:false,","     umask: 0022,","     preCommands: [],","     postCommands: [],","     skipDuplicateMapInputs: true,","     skipDuplicateMapOutputs: true,","     partitionBy('key',","          0,","          run_timestamp","     )) ~> sink1"]}},"dependsOn":["[concat(variables('workspaceId'), '/datasets/primary_pq_nyc_tlc_green1')]"]},{"name":"[concat(parameters('workspaceName'), '/primary_pq_nyc_tlc_green1')]","type":"Microsoft.Synapse/workspaces/datasets","apiVersion":"2019-06-01-preview","properties":{"linkedServiceName":{"referenceName":"[parameters('sycicd-01-syn-dev-WorkspaceDefaultStorage')]","type":"LinkedServiceReference"},"annotations":[],"type":"Parquet","typeProperties":{"location":{"type":"AzureBlobFSLocation","folderPath":"landing/general/nyctlc/green/v1/full","fileSystem":"landing"},"compressionCodec":"snappy"},"schema":[{"name":"vendorID","type":"INT32"},{"name":"lpepPickupDatetime","type":"INT96"},{"name":"lpepDropoffDatetime","type":"INT96"},{"name":"passengerCount","type":"INT32"},{"name":"tripDistance","type":"DOUBLE"},{"name":"puLocationId","type":"UTF8"},{"name":"doLocationId","type":"UTF8"},{"name":"pickupLongitude","type":"DOUBLE"},{"name":"pickupLatitude","type":"DOUBLE"},{"name":"dropoffLongitude","type":"DOUBLE"},{"name":"dropoffLatitude","type":"DOUBLE"},{"name":"rateCodeID","type":"INT32"},{"name":"storeAndFwdFlag","type":"UTF8"},{"name":"paymentType","type":"INT32"},{"name":"fareAmount","type":"DOUBLE"},{"name":"extra","type":"DOUBLE"},{"name":"mtaTax","type":"DOUBLE"},{"name":"improvementSurcharge","type":"UTF8"},{"name":"tipAmount","type":"DOUBLE"},{"name":"tollsAmount","type":"DOUBLE"},{"name":"ehailFee","type":"DOUBLE"},{"name":"totalAmount","type":"DOUBLE"},{"name":"tripType","type":"INT32"},{"name":"puYear","type":"UTF8"},{"name":"puMonth","type":"UTF8"}]},"dependsOn":[]},{"name":"[concat(parameters('workspaceName'), '/default')]","type":"Microsoft.Synapse/workspaces/managedVirtualNetworks","apiVersion":"2019-06-01-preview","properties":{},"dependsOn":[]}]}