{"$schema":"http://schema.management.azure.com/schemas/2015-01-01/deploymentTemplate.json#","contentVersion":"1.0.0.0","parameters":{"workspaceName":{"type":"string","metadata":"ワークスペース名","defaultValue":"sycicd-t2-syn-dev"},"sycicd-t2-syn-dev-WorkspaceDefaultStorage":{"type":"string"},"nyc_tlc_green":{"type":"string"},"sycicd-t2-syn-dev-WorkspaceDefaultSqlServer":{"type":"string"}},"variables":{"workspaceId":"[concat('Microsoft.Synapse/workspaces/', parameters('workspaceName'))]"},"resources":[{"name":"[concat(parameters('workspaceName'), '/master_nyc')]","type":"Microsoft.Synapse/workspaces/pipelines","apiVersion":"2019-06-01-preview","properties":{"activities":[{"name":"Set variable1","type":"SetVariable","dependsOn":[],"userProperties":[],"typeProperties":{"variableName":"run_timestamp","value":{"value":"@{formatDateTime(utcnow(),'yyyy-MM-dd-HHmmss')}","type":"Expression"}}},{"name":"nyc_load","type":"ExecutePipeline","dependsOn":[{"activity":"Set variable1","dependencyConditions":["Succeeded"]}],"userProperties":[],"typeProperties":{"pipeline":{"referenceName":"nyc_load","type":"PipelineReference"},"waitOnCompletion":true,"parameters":{"run_timestamp":{"value":"@variables('run_timestamp')","type":"Expression"}}}},{"name":"nyc_ready","type":"ExecutePipeline","dependsOn":[{"activity":"nyc_load","dependencyConditions":["Succeeded"]}],"userProperties":[],"typeProperties":{"pipeline":{"referenceName":"nyc_ready","type":"PipelineReference"},"waitOnCompletion":true,"parameters":{"run_timestamp":{"value":"@variables('run_timestamp')","type":"Expression"}}}},{"name":"nyc_dwh","type":"ExecutePipeline","dependsOn":[{"activity":"nyc_ready","dependencyConditions":["Succeeded"]}],"userProperties":[],"typeProperties":{"pipeline":{"referenceName":"nyc_dwh","type":"PipelineReference"},"waitOnCompletion":true,"parameters":{}}}],"policy":{"elapsedTimeMetric":{},"cancelAfter":{}},"variables":{"run_timestamp":{"type":"String"}},"annotations":[],"lastPublishTime":"2022-05-19T11:28:10Z"},"dependsOn":["[concat(variables('workspaceId'), '/pipelines/nyc_load')]","[concat(variables('workspaceId'), '/pipelines/nyc_ready')]","[concat(variables('workspaceId'), '/pipelines/nyc_dwh')]"]},{"name":"[concat(parameters('workspaceName'), '/nyc_load')]","type":"Microsoft.Synapse/workspaces/pipelines","apiVersion":"2019-06-01-preview","properties":{"activities":[{"name":"landing","type":"Copy","dependsOn":[],"policy":{"timeout":"7.00:00:00","retry":0,"retryIntervalInSeconds":30,"secureOutput":false,"secureInput":false},"userProperties":[],"typeProperties":{"source":{"type":"BinarySource","storeSettings":{"type":"AzureBlobStorageReadSettings","recursive":true},"formatSettings":{"type":"BinaryReadSettings"}},"sink":{"type":"BinarySink","storeSettings":{"type":"AzureBlobFSWriteSettings"}},"enableStaging":false},"inputs":[{"referenceName":"opendata_bin_nyctlc_green","type":"DatasetReference","parameters":{}}],"outputs":[{"referenceName":"primary_bin_nyctlc_green","type":"DatasetReference","parameters":{"dir":{"value":"landing/general/nyctlc/green/v1/full/run_timestamp=@{pipeline().parameters.run_timestamp}","type":"Expression"},"container":"landing"}}]},{"name":"nyc_ingest_raw","type":"ExecuteDataFlow","dependsOn":[{"activity":"landing","dependencyConditions":["Succeeded"]}],"policy":{"timeout":"1.00:00:00","retry":0,"retryIntervalInSeconds":30,"secureOutput":false,"secureInput":false},"userProperties":[],"typeProperties":{"dataflow":{"referenceName":"nyc_ingest_raw","type":"DataFlowReference","parameters":{"run_timestamp":{"value":"'@{pipeline().parameters.run_timestamp}'","type":"Expression"}},"datasetParameters":{"source1":{},"sink1":{}}},"staging":{},"compute":{"coreCount":8,"computeType":"General"},"traceLevel":"Fine"}}],"policy":{"elapsedTimeMetric":{},"cancelAfter":{}},"parameters":{"run_timestamp":{"type":"string","defaultValue":"2022-05-11-052220"}},"annotations":[],"lastPublishTime":"2022-05-19T11:27:36Z"},"dependsOn":["[concat(variables('workspaceId'), '/datasets/opendata_bin_nyctlc_green')]","[concat(variables('workspaceId'), '/datasets/primary_bin_nyctlc_green')]","[concat(variables('workspaceId'), '/dataflows/nyc_ingest_raw')]"]},{"name":"[concat(parameters('workspaceName'), '/nyc_ready')]","type":"Microsoft.Synapse/workspaces/pipelines","apiVersion":"2019-06-01-preview","properties":{"activities":[{"name":"nyc_ingest_enrich","type":"ExecuteDataFlow","dependsOn":[],"policy":{"timeout":"1.00:00:00","retry":0,"retryIntervalInSeconds":30,"secureOutput":false,"secureInput":false},"userProperties":[],"typeProperties":{"dataflow":{"referenceName":"nyc_ctas_enrich","type":"DataFlowReference","parameters":{"run_timestamp":{"value":"'@{pipeline().parameters.run_timestamp}'","type":"Expression"}},"datasetParameters":{"source1":{},"enrich":{}}},"staging":{},"compute":{"coreCount":8,"computeType":"General"},"traceLevel":"Fine"}}],"policy":{"elapsedTimeMetric":{},"cancelAfter":{}},"parameters":{"run_timestamp":{"type":"string","defaultValue":"2022-05-11-052220"}},"annotations":[],"lastPublishTime":"2022-05-19T11:27:24Z"},"dependsOn":["[concat(variables('workspaceId'), '/dataflows/nyc_ctas_enrich')]"]},{"name":"[concat(parameters('workspaceName'), '/nyc_dwh')]","type":"Microsoft.Synapse/workspaces/pipelines","apiVersion":"2019-06-01-preview","properties":{"activities":[{"name":"nyc_load_dwh","type":"ExecuteDataFlow","dependsOn":[],"policy":{"timeout":"1.00:00:00","retry":0,"retryIntervalInSeconds":30,"secureOutput":false,"secureInput":false},"userProperties":[],"typeProperties":{"dataflow":{"referenceName":"nyc_load_dwh","type":"DataFlowReference","parameters":{},"datasetParameters":{"source1":{},"sink1":{}}},"staging":{"linkedService":{"referenceName":"[parameters('sycicd-t2-syn-dev-WorkspaceDefaultStorage')]","type":"LinkedServiceReference"},"folderPath":"workspace/staging"},"compute":{"coreCount":8,"computeType":"General"},"traceLevel":"Fine"}}],"policy":{"elapsedTimeMetric":{},"cancelAfter":{}},"annotations":[],"lastPublishTime":"2022-05-19T11:27:34Z"},"dependsOn":["[concat(variables('workspaceId'), '/dataflows/nyc_load_dwh')]"]},{"name":"[concat(parameters('workspaceName'), '/opendata_bin_nyctlc_green')]","type":"Microsoft.Synapse/workspaces/datasets","apiVersion":"2019-06-01-preview","properties":{"linkedServiceName":{"referenceName":"[parameters('nyc_tlc_green')]","type":"LinkedServiceReference"},"annotations":[],"type":"Binary","typeProperties":{"location":{"type":"AzureBlobStorageLocation","folderPath":"green","container":"nyctlc"}}},"dependsOn":[]},{"name":"[concat(parameters('workspaceName'), '/primary_bin_nyctlc_green')]","type":"Microsoft.Synapse/workspaces/datasets","apiVersion":"2019-06-01-preview","properties":{"linkedServiceName":{"referenceName":"[parameters('sycicd-t2-syn-dev-WorkspaceDefaultStorage')]","type":"LinkedServiceReference"},"parameters":{"dir":{"type":"string"},"container":{"type":"string"}},"annotations":[],"type":"Binary","typeProperties":{"location":{"type":"AzureBlobFSLocation","folderPath":{"value":"@dataset().dir","type":"Expression"},"fileSystem":{"value":"@dataset().container","type":"Expression"}}}},"dependsOn":[]},{"name":"[concat(parameters('workspaceName'), '/nyc_ingest_raw')]","type":"Microsoft.Synapse/workspaces/dataflows","apiVersion":"2019-06-01-preview","properties":{"type":"MappingDataFlow","typeProperties":{"sources":[{"dataset":{"referenceName":"primary_pq_nyc_tlc_green","type":"DatasetReference"},"name":"source1"}],"sinks":[{"linkedService":{"referenceName":"[parameters('sycicd-t2-syn-dev-WorkspaceDefaultStorage')]","type":"LinkedServiceReference"},"name":"sink1"}],"transformations":[{"name":"filter1"}],"scriptLines":["parameters{","     run_timestamp as string","}","source(output(","          vendorID as integer,","          lpepPickupDatetime as timestamp,","          lpepDropoffDatetime as timestamp,","          passengerCount as integer,","          tripDistance as double,","          puLocationId as string,","          doLocationId as string,","          pickupLongitude as double,","          pickupLatitude as double,","          dropoffLongitude as double,","          dropoffLatitude as double,","          rateCodeID as integer,","          storeAndFwdFlag as string,","          paymentType as integer,","          fareAmount as double,","          extra as double,","          mtaTax as double,","          improvementSurcharge as string,","          tipAmount as double,","          tollsAmount as double,","          ehailFee as double,","          totalAmount as double,","          tripType as integer,","          run_timestamp as string,","          puYear as integer,","          puMonth as integer","     ),","     allowSchemaDrift: true,","     validateSchema: false,","     ignoreNoFilesFound: false,","     partitionRootPath: 'landing/general/nyctlc/green/v1/full',","     format: 'parquet') ~> source1","source1 filter(run_timestamp==$run_timestamp) ~> filter1","filter1 sink(allowSchemaDrift: true,","     validateSchema: false,","     format: 'delta',","     fileSystem: 'raw',","     folderPath: 'raw/general/nyctlc/green/v1/full/input',","     mergeSchema: false,","     autoCompact: false,","     optimizedWrite: false,","     vacuum: 0,","     deletable:false,","     insertable:true,","     updateable:false,","     upsertable:false,","     umask: 0022,","     preCommands: [],","     postCommands: [],","     skipDuplicateMapInputs: true,","     skipDuplicateMapOutputs: true,","     partitionBy('key',","          0,","          run_timestamp","     )) ~> sink1"]}},"dependsOn":["[concat(variables('workspaceId'), '/datasets/primary_pq_nyc_tlc_green')]"]},{"name":"[concat(parameters('workspaceName'), '/nyc_ctas_enrich')]","type":"Microsoft.Synapse/workspaces/dataflows","apiVersion":"2019-06-01-preview","properties":{"type":"MappingDataFlow","typeProperties":{"sources":[{"linkedService":{"referenceName":"[parameters('sycicd-t2-syn-dev-WorkspaceDefaultStorage')]","type":"LinkedServiceReference"},"name":"source1"}],"sinks":[{"linkedService":{"referenceName":"[parameters('sycicd-t2-syn-dev-WorkspaceDefaultStorage')]","type":"LinkedServiceReference"},"name":"enrich"}],"transformations":[{"name":"filter1"}],"scriptLines":["parameters{","     run_timestamp as string","}","source(output(","          vendorID as integer,","          lpepPickupDatetime as timestamp,","          lpepDropoffDatetime as timestamp,","          passengerCount as integer,","          tripDistance as double,","          puLocationId as string,","          doLocationId as string,","          pickupLongitude as double,","          pickupLatitude as double,","          dropoffLongitude as double,","          dropoffLatitude as double,","          rateCodeID as integer,","          storeAndFwdFlag as string,","          paymentType as integer,","          fareAmount as double,","          extra as double,","          mtaTax as double,","          improvementSurcharge as string,","          tipAmount as double,","          tollsAmount as double,","          ehailFee as double,","          totalAmount as double,","          tripType as integer,","          run_timestamp as string,","          puYear as integer,","          puMonth as integer","     ),","     allowSchemaDrift: true,","     validateSchema: false,","     ignoreNoFilesFound: false,","     format: 'delta',","     fileSystem: 'raw',","     folderPath: 'raw/general/nyctlc/green/v1/full/input') ~> source1","source1 filter(run_timestamp==$run_timestamp) ~> filter1","filter1 sink(allowSchemaDrift: true,","     validateSchema: false,","     format: 'delta',","     fileSystem: 'enrich',","     folderPath: 'enrich/general/nyctlc/green/v1',","     overwrite:true,","     mergeSchema: true,","     autoCompact: false,","     optimizedWrite: false,","     vacuum: 0,","     deletable:false,","     insertable:true,","     updateable:false,","     upsertable:false,","     umask: 0022,","     preCommands: [],","     postCommands: [],","     skipDuplicateMapInputs: true,","     skipDuplicateMapOutputs: true,","     partitionBy('key',","          0,","          puYear,","          puMonth","     )) ~> enrich"]}},"dependsOn":[]},{"name":"[concat(parameters('workspaceName'), '/nyc_load_dwh')]","type":"Microsoft.Synapse/workspaces/dataflows","apiVersion":"2019-06-01-preview","properties":{"type":"MappingDataFlow","typeProperties":{"sources":[{"linkedService":{"referenceName":"[parameters('sycicd-t2-syn-dev-WorkspaceDefaultStorage')]","type":"LinkedServiceReference"},"name":"source1"}],"sinks":[{"dataset":{"referenceName":"sqlpool_dbo_taxi","type":"DatasetReference"},"name":"sink1"}],"transformations":[{"name":"select1"}],"scriptLines":["source(output(","          vendorID as integer,","          lpepPickupDatetime as timestamp,","          lpepDropoffDatetime as timestamp,","          passengerCount as integer,","          tripDistance as double,","          puLocationId as string,","          doLocationId as string,","          pickupLongitude as double,","          pickupLatitude as double,","          dropoffLongitude as double,","          dropoffLatitude as double,","          rateCodeID as integer,","          storeAndFwdFlag as string,","          paymentType as integer,","          fareAmount as double,","          extra as double,","          mtaTax as double,","          improvementSurcharge as string,","          tipAmount as double,","          tollsAmount as double,","          ehailFee as double,","          totalAmount as double,","          tripType as integer,","          run_timestamp as string,","          puYear as integer,","          puMonth as integer","     ),","     allowSchemaDrift: true,","     validateSchema: false,","     ignoreNoFilesFound: false,","     format: 'delta',","     fileSystem: 'enrich',","     folderPath: 'enrich/general/nyctlc/green/v1') ~> source1","source1 select(mapColumn(","          vendorID,","          lpepPickupDatetime,","          lpepDropoffDatetime,","          passengerCount,","          tripDistance,","          puLocationId,","          doLocationId,","          pickupLongitude,","          pickupLatitude,","          dropoffLongitude,","          dropoffLatitude,","          rateCodeID,","          storeAndFwdFlag,","          paymentType,","          fareAmount,","          extra,","          mtaTax,","          improvementSurcharge,","          tipAmount,","          tollsAmount,","          ehailFee,","          totalAmount,","          tripType,","          puYear,","          puMonth","     ),","     skipDuplicateMapInputs: true,","     skipDuplicateMapOutputs: true) ~> select1","select1 sink(allowSchemaDrift: true,","     validateSchema: false,","     input(","          vendorID as integer,","          lpepPickupDatetime as timestamp,","          lpepDropoffDatetime as timestamp,","          passengerCount as integer,","          tripDistance as decimal(19,4),","          puLocationId as string,","          doLocationId as string,","          pickupLongitude as float,","          pickupLatitude as float,","          dropoffLongitude as float,","          dropoffLatitude as float,","          rateCodeID as integer,","          storeAndFwdFlag as string,","          paymentType as integer,","          fareAmount as decimal(19,4),","          extra as decimal(19,4),","          mtaTax as decimal(19,4),","          improvementSurcharge as decimal(19,4),","          tipAmount as decimal(19,4),","          tollsAmount as decimal(19,4),","          ehailFee as decimal(19,4),","          totalAmount as decimal(19,4),","          tripType as integer,","          puYear as integer,","          puMonth as integer","     ),","     deletable:false,","     insertable:true,","     updateable:false,","     upsertable:false,","     truncate:true,","     format: 'table',","     staged: true,","     allowCopyCommand: true,","     skipDuplicateMapInputs: true,","     skipDuplicateMapOutputs: true) ~> sink1"]}},"dependsOn":["[concat(variables('workspaceId'), '/datasets/sqlpool_dbo_taxi')]"]},{"name":"[concat(parameters('workspaceName'), '/default')]","type":"Microsoft.Synapse/workspaces/managedVirtualNetworks","apiVersion":"2019-06-01-preview","properties":{},"dependsOn":[]},{"name":"[concat(parameters('workspaceName'), '/primary_pq_nyc_tlc_green')]","type":"Microsoft.Synapse/workspaces/datasets","apiVersion":"2019-06-01-preview","properties":{"linkedServiceName":{"referenceName":"[parameters('sycicd-t2-syn-dev-WorkspaceDefaultStorage')]","type":"LinkedServiceReference"},"annotations":[],"type":"Parquet","typeProperties":{"location":{"type":"AzureBlobFSLocation","folderPath":"landing/general/nyctlc/green/v1/full","fileSystem":"landing"},"compressionCodec":"snappy"},"schema":[{"name":"vendorID","type":"INT32"},{"name":"lpepPickupDatetime","type":"INT96"},{"name":"lpepDropoffDatetime","type":"INT96"},{"name":"passengerCount","type":"INT32"},{"name":"tripDistance","type":"DOUBLE"},{"name":"puLocationId","type":"UTF8"},{"name":"doLocationId","type":"UTF8"},{"name":"pickupLongitude","type":"DOUBLE"},{"name":"pickupLatitude","type":"DOUBLE"},{"name":"dropoffLongitude","type":"DOUBLE"},{"name":"dropoffLatitude","type":"DOUBLE"},{"name":"rateCodeID","type":"INT32"},{"name":"storeAndFwdFlag","type":"UTF8"},{"name":"paymentType","type":"INT32"},{"name":"fareAmount","type":"DOUBLE"},{"name":"extra","type":"DOUBLE"},{"name":"mtaTax","type":"DOUBLE"},{"name":"improvementSurcharge","type":"UTF8"},{"name":"tipAmount","type":"DOUBLE"},{"name":"tollsAmount","type":"DOUBLE"},{"name":"ehailFee","type":"DOUBLE"},{"name":"totalAmount","type":"DOUBLE"},{"name":"tripType","type":"INT32"},{"name":"puYear","type":"UTF8"},{"name":"puMonth","type":"UTF8"}]},"dependsOn":[]},{"name":"[concat(parameters('workspaceName'), '/sqlpool_dbo_taxi')]","type":"Microsoft.Synapse/workspaces/datasets","apiVersion":"2019-06-01-preview","properties":{"linkedServiceName":{"referenceName":"[parameters('sycicd-t2-syn-dev-WorkspaceDefaultSqlServer')]","type":"LinkedServiceReference","parameters":{"DBName":"dwh001"}},"annotations":[],"type":"AzureSqlDWTable","schema":[{"name":"vendorID","type":"int","precision":10},{"name":"lpepPickupDatetime","type":"datetime2","scale":7},{"name":"lpepDropoffDatetime","type":"datetime2","scale":7},{"name":"passengerCount","type":"int","precision":10},{"name":"tripDistance","type":"decimal","precision":19,"scale":4},{"name":"puLocationId","type":"nvarchar"},{"name":"doLocationId","type":"nvarchar"},{"name":"pickupLongitude","type":"real","precision":7},{"name":"pickupLatitude","type":"real","precision":7},{"name":"dropoffLongitude","type":"real","precision":7},{"name":"dropoffLatitude","type":"real","precision":7},{"name":"rateCodeID","type":"int","precision":10},{"name":"storeAndFwdFlag","type":"nvarchar"},{"name":"paymentType","type":"int","precision":10},{"name":"fareAmount","type":"money","precision":19,"scale":4},{"name":"extra","type":"money","precision":19,"scale":4},{"name":"mtaTax","type":"money","precision":19,"scale":4},{"name":"improvementSurcharge","type":"money","precision":19,"scale":4},{"name":"tipAmount","type":"money","precision":19,"scale":4},{"name":"tollsAmount","type":"money","precision":19,"scale":4},{"name":"ehailFee","type":"money","precision":19,"scale":4},{"name":"totalAmount","type":"money","precision":19,"scale":4},{"name":"tripType","type":"int","precision":10},{"name":"puYear","type":"int","precision":10},{"name":"puMonth","type":"int","precision":10}],"typeProperties":{"schema":"dbo","table":"taxi-green"}},"dependsOn":[]}]}